/prices/	/gallery/photozone/	301
/company/stati/chto-podarit-otvechaet-tsentr-krasoty-rif/	/contacts/	301
/services/terapevticheskaya-kosmetologiya/botulinoterapiya/	/services/terapevticheskaya-kosmetologiya/plazmolifting/	301
/services/lazernaya-epilyatsiya/nog/	/services/lazernaya-epilyatsiya/zony-bikini/	301
/aktsii/	/company/	301
/services/esteticheskaya-kosmetologiya/chistka-litsa/	/services/esteticheskaya-kosmetologiya/ultrazvukovoy-piling/	301
/services/lazernaya-epilyatsiya/litsa/	/services/lazernaya-epilyatsiya/podmyshechnoy-oblasti/	301
/services/parikmakherskiy-zal/strizhki-muzhskie-zhenskie-detskie/	/services/parikmakherskiy-zal/pricheski/	301
/services/makiyazh/svadebnyy/	/services/makiyazh/permanentnyy_makiyazh/	301
/services/protsedury-dlya-nog/apparatnyy-pedikyur/	/services/kabinet-trikhologa/mezoterapiya-/	301
